0.000000000000000000e+00,-2.328743362426757812e+01,-2.415234947204589844e+01,-8.531477928161621094e+00
1.000000000000000000e+00,-1.550472450256347656e+01,-2.931860160827636719e+01,1.137060546875000000e+01
2.000000000000000000e+00,-3.044248580932617188e+01,-1.212237000465393066e+00,-1.939824104309082031e+01
3.000000000000000000e+00,5.503014564514160156e+00,-3.355050277709960938e+01,3.764447402954101562e+01
4.000000000000000000e+00,-4.652084350585937500e+01,-1.184594249725341797e+01,-2.019466781616210938e+01
5.000000000000000000e+00,-5.232669830322265625e+00,4.681766986846923828e+00,-8.594233512878417969e+00
6.000000000000000000e+00,-4.176924133300781250e+01,2.909438848495483398e+00,-2.041999626159667969e+01
7.000000000000000000e+00,-1.737850952148437500e+01,1.634196758270263672e+00,1.613567733764648438e+01
8.000000000000000000e+00,5.316246032714843750e+00,-3.900124359130859375e+01,-3.061960792541503906e+01
9.000000000000000000e+00,-3.588088226318359375e+01,-4.812848567962646484e+00,8.134301185607910156e+00
1.000000000000000000e+01,1.251419544219970703e+01,-3.801153945922851562e+01,-1.403955554962158203e+01
1.100000000000000000e+01,-2.970901727676391602e+00,2.968755245208740234e+00,-3.282567214965820312e+01
1.200000000000000000e+01,5.382866859436035156e+00,-3.076305198669433594e+01,-3.475118160247802734e+00
1.300000000000000000e+01,-1.190217971801757812e+00,-9.979866743087768555e-01,-2.325034713745117188e+01
1.400000000000000000e+01,-4.831368923187255859e+00,-1.284297084808349609e+01,2.118789672851562500e+00
1.500000000000000000e+01,1.363391113281250000e+01,2.988883590698242188e+01,5.739874839782714844e+00
1.600000000000000000e+01,5.536516952514648438e+01,-5.747978687286376953e+00,-7.966479301452636719e+00
1.700000000000000000e+01,4.137324810028076172e+00,3.259748840332031250e+01,-1.653878593444824219e+01
1.800000000000000000e+01,7.018266677856445312e+00,1.790025520324707031e+01,-2.607667446136474609e+00
1.900000000000000000e+01,5.921904563903808594e+00,-1.881363868713378906e+01,-1.153255271911621094e+01
2.000000000000000000e+01,-1.598392963409423828e+01,-1.950117874145507812e+01,-2.810551452636718750e+01
2.100000000000000000e+01,5.266613388061523438e+01,3.656172561645507812e+01,-4.930200576782226562e+01
2.200000000000000000e+01,1.523686695098876953e+01,1.773155450820922852e+00,8.240511268377304077e-02
2.300000000000000000e+01,2.556768798828125000e+01,3.216337585449218750e+01,2.699918746948242188e+01
2.400000000000000000e+01,4.623244285583496094e+00,2.761359214782714844e+01,1.490241146087646484e+01
2.500000000000000000e+01,-2.047365379333496094e+01,1.778593635559082031e+01,1.458554744720458984e+00
2.600000000000000000e+01,-9.481624603271484375e+00,2.245975255966186523e+00,4.203145027160644531e+00
2.700000000000000000e+01,-3.152772712707519531e+01,3.543151092529296875e+01,-1.037229919433593750e+01
2.800000000000000000e+01,-3.764177703857421875e+01,-1.697931671142578125e+01,1.536735725402832031e+01
2.900000000000000000e+01,1.074843215942382812e+02,-1.490836334228515625e+02,3.991994323730468750e+02
3.000000000000000000e+01,3.724573516845703125e+01,6.528908014297485352e-01,-1.517190361022949219e+01
3.100000000000000000e+01,1.940249061584472656e+01,-2.548237419128417969e+01,5.220660686492919922e+00
3.200000000000000000e+01,-5.436096191406250000e+00,1.310168743133544922e+01,-1.823832321166992188e+01
3.300000000000000000e+01,-4.729936599731445312e+00,1.240757751464843750e+01,3.166819095611572266e+00
3.400000000000000000e+01,3.691287612915039062e+01,-6.945304870605468750e+00,-4.922284317016601562e+01
3.500000000000000000e+01,9.041462898254394531e+00,1.063133621215820312e+01,2.900884819030761719e+01
3.600000000000000000e+01,2.443852806091308594e+01,9.671315193176269531e+00,4.554757118225097656e+00
3.700000000000000000e+01,-3.453791046142578125e+01,1.856013679504394531e+01,-1.213385581970214844e+01
3.800000000000000000e+01,-2.286177825927734375e+01,-9.320322990417480469e+00,5.325670242309570312e-01
3.900000000000000000e+01,-8.485195159912109375e+00,1.797869110107421875e+01,-5.199709415435791016e+00
4.000000000000000000e+01,-1.623011207580566406e+01,5.701746463775634766e+00,-4.953169822692871094e+00
4.100000000000000000e+01,-9.357232093811035156e+00,2.711119461059570312e+01,-2.186242103576660156e+01
4.200000000000000000e+01,-9.080667495727539062e+00,-2.257944107055664062e+01,-1.170022583007812500e+01
4.300000000000000000e+01,2.438825798034667969e+01,-7.965054512023925781e+00,2.501747703552246094e+01
4.400000000000000000e+01,-2.943013191223144531e+01,5.527332305908203125e+00,-7.201314926147460938e+00
4.500000000000000000e+01,-2.014216995239257812e+01,-5.174055099487304688e+00,-9.301147460937500000e+00
4.600000000000000000e+01,-2.444318199157714844e+01,-1.010576725006103516e+01,2.440054702758789062e+01
4.700000000000000000e+01,-3.161109924316406250e+01,3.067340660095214844e+01,5.045696640014648438e+01
4.800000000000000000e+01,-2.183034706115722656e+01,1.229923057556152344e+01,1.683088111877441406e+01
4.900000000000000000e+01,-1.679771804809570312e+01,-1.933076667785644531e+01,4.604700088500976562e+00
5.000000000000000000e+01,4.345656394958496094e+00,2.281207847595214844e+01,-3.012579727172851562e+01
5.100000000000000000e+01,-1.584335231781005859e+01,-2.644959259033203125e+01,2.969189262390136719e+01
5.200000000000000000e+01,-4.742421627044677734e+00,1.163066005706787109e+01,2.910320854187011719e+01
5.300000000000000000e+01,-2.530500173568725586e+00,-1.462008953094482422e+01,-5.064293289184570312e+01
5.400000000000000000e+01,-5.877146244049072266e+00,-1.184884166717529297e+01,-3.827446365356445312e+01
5.500000000000000000e+01,-3.051479339599609375e+01,-6.169904708862304688e+01,3.471282196044921875e+01
5.600000000000000000e+01,-9.717518806457519531e+00,-1.355955505371093750e+01,1.804577827453613281e+01
5.700000000000000000e+01,1.021384525299072266e+01,-1.516536045074462891e+01,1.268813729286193848e+00
5.800000000000000000e+01,1.890200805664062500e+01,-1.608739280700683594e+01,4.117366409301757812e+01
5.900000000000000000e+01,2.193414688110351562e+01,-1.530266952514648438e+01,3.033070945739746094e+01
6.000000000000000000e+01,2.175145149230957031e+01,3.957292556762695312e+01,-2.556864356994628906e+01
6.100000000000000000e+01,-2.409583473205566406e+01,4.346012115478515625e+00,3.965503215789794922e+00
6.200000000000000000e+01,-3.314951419830322266e+00,2.927103233337402344e+01,6.563166379928588867e-01
6.300000000000000000e+01,2.528653907775878906e+01,-4.895618438720703125e+01,3.697039794921875000e+01
6.400000000000000000e+01,-3.192917633056640625e+01,1.311803817749023438e+01,-2.453782463073730469e+01
6.500000000000000000e+01,-3.737363815307617188e+00,5.566345214843750000e+00,1.742400932312011719e+01
6.600000000000000000e+01,-1.134234905242919922e+00,4.677101898193359375e+01,1.808646583557128906e+01
6.700000000000000000e+01,3.622598648071289062e+01,-1.677290153503417969e+01,1.034463882446289062e+01
6.800000000000000000e+01,3.665702056884765625e+01,-1.842214012145996094e+01,1.853695106506347656e+01
6.900000000000000000e+01,5.911677169799804688e+01,-3.613886260986328125e+01,6.929199695587158203e+00
7.000000000000000000e+01,-1.488889312744140625e+01,-1.009890079498291016e+01,-1.956105804443359375e+01
7.100000000000000000e+01,2.147265434265136719e+01,-4.806625747680664062e+01,-3.772185897827148438e+01
7.200000000000000000e+01,4.165898895263671875e+01,-1.255753612518310547e+01,-4.349956035614013672e+00
7.300000000000000000e+01,-9.250710487365722656e+00,1.892032814025878906e+01,1.383236598968505859e+01
7.400000000000000000e+01,2.109592437744140625e+01,-1.245188426971435547e+01,-5.224702835083007812e+00
7.500000000000000000e+01,3.085215187072753906e+01,-1.528816127777099609e+01,3.703943252563476562e+01
7.600000000000000000e+01,2.069378852844238281e+01,1.791084170341491699e+00,-2.162588119506835938e+01
7.700000000000000000e+01,2.263911437988281250e+01,-1.177916622161865234e+01,4.528024673461914062e+00
7.800000000000000000e+01,2.808216857910156250e+01,4.523896408081054688e+01,-2.440089035034179688e+01
7.900000000000000000e+01,3.657585906982421875e+01,1.167486190795898438e+01,-2.813157081604003906e+01
8.000000000000000000e+01,8.411248207092285156e+00,-4.711450099945068359e+00,3.092112350463867188e+01
8.100000000000000000e+01,2.936573219299316406e+01,3.931189727783203125e+01,-2.803859472274780273e+00
8.200000000000000000e+01,3.390824890136718750e+01,4.888411712646484375e+01,-5.646621704101562500e+00
8.300000000000000000e+01,-4.043693542480468750e+01,1.300980663299560547e+01,7.297418594360351562e+00
8.400000000000000000e+01,-3.195908737182617188e+01,1.232696723937988281e+01,6.327218246459960938e+01
8.500000000000000000e+01,-1.385874366760253906e+01,7.502527236938476562e+00,3.105605506896972656e+01
8.600000000000000000e+01,2.876576232910156250e+01,1.992549324035644531e+01,2.440410852432250977e+00
8.700000000000000000e+01,2.992157745361328125e+01,1.871952438354492188e+01,-2.659069633483886719e+01
8.800000000000000000e+01,3.522452545166015625e+01,1.036313056945800781e+01,-1.031864452362060547e+01
8.900000000000000000e+01,1.864929771423339844e+01,1.259401321411132812e+01,-9.673433303833007812e+00
9.000000000000000000e+01,-2.958913993835449219e+01,-2.362877082824707031e+01,4.668751716613769531e+00
9.100000000000000000e+01,2.004825210571289062e+01,-2.569982719421386719e+01,-2.958457374572753906e+01
9.200000000000000000e+01,2.681233406066894531e+01,-3.031336784362792969e+01,-3.608432388305664062e+01
9.300000000000000000e+01,-9.606219291687011719e+00,7.301290893554687500e+01,-1.709085464477539062e+01
9.400000000000000000e+01,1.149456977844238281e+01,1.319044876098632812e+01,4.597083663940429688e+01
9.500000000000000000e+01,-3.015978622436523438e+01,3.192632865905761719e+01,2.319166564941406250e+01
9.600000000000000000e+01,-1.566804027557373047e+01,-4.864458847045898438e+01,1.454977703094482422e+01
9.700000000000000000e+01,-2.115176010131835938e+01,4.702078628540039062e+01,-2.432611465454101562e+01
9.800000000000000000e+01,2.674498319625854492e+00,1.142280220985412598e+00,1.865088939666748047e+00
9.900000000000000000e+01,-1.084914016723632812e+01,-9.919284820556640625e+00,3.564875411987304688e+01
1.000000000000000000e+02,6.772121906280517578e+00,2.200970649719238281e+01,6.266788101196289062e+01
1.010000000000000000e+02,9.346436500549316406e+00,7.987576484680175781e+00,-3.057845687866210938e+01
1.020000000000000000e+02,1.782976722717285156e+01,4.320011138916015625e+01,1.557482910156250000e+01
1.030000000000000000e+02,-2.321409702301025391e+00,3.345005798339843750e+01,3.363628768920898438e+01
1.040000000000000000e+02,1.183701610565185547e+01,2.240384292602539062e+01,3.490378570556640625e+01
1.050000000000000000e+02,-3.240499877929687500e+01,1.267800688743591309e+00,-3.003066635131835938e+01
1.060000000000000000e+02,-1.888947296142578125e+01,3.242845535278320312e+01,-1.849797129631042480e+00
1.070000000000000000e+02,5.908368110656738281e+00,-6.088283538818359375e+01,-4.639615631103515625e+01
1.080000000000000000e+02,-2.200769233703613281e+01,-4.609211349487304688e+01,-4.560073471069335938e+01
1.090000000000000000e+02,6.461775779724121094e+00,6.843139171600341797e+00,-1.264015865325927734e+01
1.100000000000000000e+02,3.515666580200195312e+01,-1.029678726196289062e+01,-5.806205368041992188e+01
1.110000000000000000e+02,4.156695365905761719e+00,-2.146151733398437500e+01,2.891285514831542969e+01
1.120000000000000000e+02,-5.211159515380859375e+01,2.449353790283203125e+01,4.842440414428710938e+01
1.130000000000000000e+02,3.050935745239257812e+01,-4.955799102783203125e+01,-4.308727645874023438e+01
1.140000000000000000e+02,2.705710411071777344e+01,2.373142051696777344e+01,-1.180430793762207031e+01
1.150000000000000000e+02,1.190641307830810547e+01,-1.099501323699951172e+01,-4.477746200561523438e+01
1.160000000000000000e+02,5.139112472534179688e+01,3.113778877258300781e+01,-4.769678115844726562e+00
1.170000000000000000e+02,9.436371803283691406e+00,-5.073407173156738281e+00,-1.349094963073730469e+01
1.180000000000000000e+02,-1.828211212158203125e+01,1.934311294555664062e+01,-1.235726261138916016e+01
1.190000000000000000e+02,9.582809448242187500e+00,-7.674208164215087891e+00,-3.281490707397460938e+01
1.200000000000000000e+02,1.628338432312011719e+01,-2.015510559082031250e+01,-5.234226226806640625e+01
1.210000000000000000e+02,-1.220206260681152344e+01,2.902003669738769531e+01,1.787202262878417969e+01
1.220000000000000000e+02,-1.605326461791992188e+01,3.788785934448242188e+01,1.424662399291992188e+01
1.230000000000000000e+02,1.108087921142578125e+01,1.768491744995117188e+01,-1.654374694824218750e+01
1.240000000000000000e+02,3.459348678588867188e+01,-2.610454750061035156e+01,-5.301052474975585938e+01
1.250000000000000000e+02,3.490233230590820312e+01,5.645004272460937500e+01,1.666562271118164062e+01
1.260000000000000000e+02,-9.548020362854003906e+00,3.976699066162109375e+01,-1.200971031188964844e+01
1.270000000000000000e+02,2.304498291015625000e+01,4.913261413574218750e+01,2.146909141540527344e+01
1.280000000000000000e+02,3.518775177001953125e+01,5.411804199218750000e+01,2.495031356811523438e+01
1.290000000000000000e+02,3.047660064697265625e+01,-3.246539354324340820e+00,-2.771652221679687500e+00
1.300000000000000000e+02,1.854037094116210938e+01,-2.920004653930664062e+01,1.778456115722656250e+01
1.310000000000000000e+02,2.216672658920288086e+00,-4.598056793212890625e+00,-4.539181518554687500e+01
1.320000000000000000e+02,2.254776191711425781e+01,-8.999088287353515625e+00,-4.148561096191406250e+01
1.330000000000000000e+02,3.957108688354492188e+01,1.714657783508300781e+01,1.311598014831542969e+01
1.340000000000000000e+02,-2.422735929489135742e+00,-9.387104034423828125e+00,1.805977821350097656e+01
1.350000000000000000e+02,6.589129638671875000e+01,-3.987888336181640625e+01,7.787079215049743652e-01
1.360000000000000000e+02,4.328514575958251953e+00,-2.247202301025390625e+01,-2.109015655517578125e+01
1.370000000000000000e+02,-3.387111663818359375e+01,3.618541002273559570e+00,2.228028106689453125e+01
1.380000000000000000e+02,5.995080566406250000e+01,-6.986344337463378906e+00,8.940954208374023438e-01
1.390000000000000000e+02,5.890989685058593750e+01,-4.256117641925811768e-01,-1.423562145233154297e+01
1.400000000000000000e+02,2.451875305175781250e+01,9.533368110656738281e+00,-3.898788833618164062e+01
1.410000000000000000e+02,3.520852279663085938e+01,5.203305816650390625e+01,-2.602001953125000000e+01
1.420000000000000000e+02,5.488138198852539062e+00,-8.504492759704589844e+00,-5.857838058471679688e+01
1.430000000000000000e+02,-5.625136852264404297e+00,-6.571935653686523438e+00,-9.637414932250976562e+00
1.440000000000000000e+02,3.508865356445312500e+01,3.301698684692382812e+01,2.175734329223632812e+01
1.450000000000000000e+02,-1.368377685546875000e+01,-3.900907897949218750e+01,-1.492128658294677734e+01
1.460000000000000000e+02,1.549568557739257812e+01,2.614825820922851562e+01,-7.983372688293457031e+00
1.470000000000000000e+02,-5.529416275024414062e+01,6.477776527404785156e+00,-2.318673706054687500e+01
1.480000000000000000e+02,-2.569486236572265625e+01,6.101692962646484375e+01,-1.027546119689941406e+01
1.490000000000000000e+02,-3.399544525146484375e+01,2.691585731506347656e+01,7.220466136932373047e+00
1.500000000000000000e+02,-2.472800636291503906e+01,-2.707927513122558594e+01,-2.562403488159179688e+01
1.510000000000000000e+02,8.745988845825195312e+00,3.705288887023925781e+00,-4.777229690551757812e+01
1.520000000000000000e+02,1.184343528747558594e+01,6.577528381347656250e+01,-2.956408691406250000e+01
1.530000000000000000e+02,-4.327048110961914062e+01,7.917181015014648438e+00,-3.267255020141601562e+01
1.540000000000000000e+02,7.913905620574951172e+00,1.483775615692138672e+01,1.282939434051513672e+01
1.550000000000000000e+02,1.663958168029785156e+01,2.647787857055664062e+01,4.378679656982421875e+01
1.560000000000000000e+02,-9.927531242370605469e+00,-3.167215347290039062e+01,-3.991640090942382812e+01
1.570000000000000000e+02,2.072809028625488281e+01,2.826060485839843750e+01,-5.541509628295898438e+01
1.580000000000000000e+02,-1.787331962585449219e+01,4.703949356079101562e+01,2.882864952087402344e+01
1.590000000000000000e+02,-8.127678871154785156e+00,-2.283512878417968750e+01,-4.518231582641601562e+01
1.600000000000000000e+02,4.077637863159179688e+01,-3.635120010375976562e+01,-3.591982126235961914e+00
1.610000000000000000e+02,1.147293567657470703e+01,2.674408435821533203e+00,4.805264282226562500e+01
1.620000000000000000e+02,1.284985733032226562e+01,3.145289611816406250e+01,6.354804992675781250e+01
1.630000000000000000e+02,2.009860420227050781e+01,7.118261814117431641e+00,3.286136245727539062e+01
1.640000000000000000e+02,1.810375213623046875e+01,1.855599403381347656e+01,2.388404083251953125e+01
1.650000000000000000e+02,4.999971771240234375e+01,-3.171697807312011719e+01,-1.195373821258544922e+01
1.660000000000000000e+02,-8.161185264587402344e+00,3.090003728866577148e+00,5.492000198364257812e+01
1.670000000000000000e+02,2.536167335510253906e+01,1.463171100616455078e+01,4.550206375122070312e+01
1.680000000000000000e+02,7.189015197753906250e+01,-1.202706718444824219e+01,-1.437933540344238281e+01
1.690000000000000000e+02,-2.113153839111328125e+01,-1.504604911804199219e+01,5.748566055297851562e+01
1.700000000000000000e+02,-1.192065620422363281e+01,-1.452146053314208984e+01,5.429037094116210938e+01
1.710000000000000000e+02,2.732735061645507812e+01,-6.478458404541015625e+01,-2.167229843139648438e+01
1.720000000000000000e+02,-1.458417034149169922e+01,3.834527015686035156e+00,6.423071289062500000e+01
1.730000000000000000e+02,-1.289939212799072266e+01,1.137228202819824219e+01,5.261209487915039062e+01
1.740000000000000000e+02,6.017518997192382812e+01,-3.952693176269531250e+01,1.724439430236816406e+01
1.750000000000000000e+02,-2.426989746093750000e+01,-2.349548530578613281e+01,4.780149459838867188e+01
1.760000000000000000e+02,-2.220111608505249023e+00,-3.679100036621093750e+01,2.040938758850097656e+01
1.770000000000000000e+02,-4.597243499755859375e+01,2.979339599609375000e+00,-7.310727119445800781e+00
1.780000000000000000e+02,1.177220153808593750e+01,-5.608869552612304688e+01,3.555211257934570312e+01
1.790000000000000000e+02,3.835493087768554688e+01,-3.505204010009765625e+01,3.067887496948242188e+01
1.800000000000000000e+02,2.990074753761291504e-01,-1.979594993591308594e+01,4.845230865478515625e+01
1.810000000000000000e+02,-1.639717292785644531e+01,-1.189383792877197266e+01,-4.596464920043945312e+01
1.820000000000000000e+02,-4.601232910156250000e+01,-3.923721551895141602e+00,-3.324781799316406250e+01
1.830000000000000000e+02,2.030025100708007812e+01,-3.766604995727539062e+01,2.580891036987304688e+01
1.840000000000000000e+02,-4.680509185791015625e+01,5.400957870483398438e+01,-7.349534511566162109e+00
1.850000000000000000e+02,-4.843769073486328125e+01,5.047582626342773438e+01,8.912447690963745117e-01
1.860000000000000000e+02,-5.594451141357421875e+01,4.831957626342773438e+01,-3.844523668289184570e+00
1.870000000000000000e+02,-3.327469253540039062e+01,-1.188069915771484375e+01,3.446538925170898438e+01
1.880000000000000000e+02,6.292233276367187500e+01,6.353440761566162109e+00,-6.277928352355957031e+00
1.890000000000000000e+02,2.794855356216430664e+00,-2.321202087402343750e+01,1.231999015808105469e+01
1.900000000000000000e+02,3.564745712280273438e+01,2.431394958496093750e+01,-4.137271118164062500e+01
1.910000000000000000e+02,-3.911174297332763672e+00,-4.994903564453125000e+01,7.492585182189941406e+00
1.920000000000000000e+02,-4.919277191162109375e+01,3.917248535156250000e+01,-2.698584556579589844e+00
1.930000000000000000e+02,6.199477005004882812e+01,-1.078078937530517578e+01,3.465592193603515625e+01
1.940000000000000000e+02,2.288955307006835938e+01,-1.421985244750976562e+01,-1.558958721160888672e+01
1.950000000000000000e+02,2.126525402069091797e+00,5.397859954833984375e+01,-1.428913402557373047e+01
1.960000000000000000e+02,1.179862594604492188e+01,4.798325729370117188e+01,-4.536127448081970215e-01
1.970000000000000000e+02,-3.940237045288085938e+01,-6.118755722045898438e+01,-1.342445182800292969e+01
1.980000000000000000e+02,3.907954692840576172e+00,5.572541809082031250e+01,-5.106553077697753906e+00
1.990000000000000000e+02,-2.558877944946289062e+01,1.081272602081298828e+01,-3.927032852172851562e+01
2.000000000000000000e+02,-3.575308609008789062e+01,-6.260796189308166504e-01,-4.329761123657226562e+01
2.010000000000000000e+02,-6.591854858398437500e+01,3.187983322143554688e+01,2.676583671569824219e+01
2.020000000000000000e+02,-3.103063011169433594e+01,-1.257306289672851562e+01,-1.822824096679687500e+01
2.030000000000000000e+02,-3.318988800048828125e+01,1.621832656860351562e+01,-4.128096389770507812e+01
2.040000000000000000e+02,-1.642677879333496094e+01,-2.935099601745605469e+00,-2.957851791381835938e+01
2.050000000000000000e+02,-4.386235809326171875e+01,1.286300182342529297e+01,-4.742887115478515625e+01
2.060000000000000000e+02,-1.806195449829101562e+01,1.738046455383300781e+01,-3.186822700500488281e+01
2.070000000000000000e+02,-5.112014389038085938e+01,-6.484018802642822266e+00,-4.888414001464843750e+01
2.080000000000000000e+02,-7.404517650604248047e+00,1.026330113410949707e+00,-5.000107192993164062e+01
2.090000000000000000e+02,-1.561433076858520508e+00,-5.656777572631835938e+01,-5.360058593750000000e+01
2.100000000000000000e+02,7.047288894653320312e+00,-5.507274246215820312e+01,-5.370151901245117188e+01
2.110000000000000000e+02,-3.116824722290039062e+01,-1.627734756469726562e+01,-5.368935012817382812e+01
2.120000000000000000e+02,-1.867578887939453125e+01,6.140014171600341797e+00,-1.953459930419921875e+01
2.130000000000000000e+02,-4.685535430908203125e+01,1.889557266235351562e+01,-3.137798500061035156e+01
2.140000000000000000e+02,-6.234528732299804688e+01,-1.428953742980957031e+01,-2.443916320800781250e+01
2.150000000000000000e+02,-5.412217712402343750e+01,-1.926649284362792969e+01,-2.626239776611328125e+01
2.160000000000000000e+02,-3.009109497070312500e+01,2.820674324035644531e+01,-2.722312164306640625e+01
2.170000000000000000e+02,-4.030820465087890625e+01,-3.811154556274414062e+01,3.761216354370117188e+01
2.180000000000000000e+02,-9.796432495117187500e+00,-5.251392364501953125e+01,2.326991653442382812e+01
2.190000000000000000e+02,-2.215810775756835938e+01,-4.334291076660156250e+01,2.213418960571289062e+01
2.200000000000000000e+02,-1.993439483642578125e+01,-4.718729019165039062e+01,-1.685810089111328125e+01
2.210000000000000000e+02,-1.052754974365234375e+01,-6.199951934814453125e+01,-2.799814796447753906e+01
2.220000000000000000e+02,-2.964713668823242188e+01,-8.728820800781250000e+00,-3.390311431884765625e+01
2.230000000000000000e+02,2.231693649291992188e+01,7.830737113952636719e+00,-5.966142272949218750e+01
2.240000000000000000e+02,-3.733499526977539062e+01,-1.140472126007080078e+01,-5.182397365570068359e+00
2.250000000000000000e+02,-8.168984413146972656e+00,3.895361328125000000e+01,-4.331694793701171875e+01
2.260000000000000000e+02,1.368374347686767578e+01,-3.725551605224609375e+01,1.250178813934326172e+01
2.270000000000000000e+02,-4.006766510009765625e+01,4.880741119384765625e+01,-3.411459732055664062e+01
2.280000000000000000e+02,-4.474517822265625000e+01,4.455878829956054688e+01,-2.864251708984375000e+01
2.290000000000000000e+02,-2.518242597579956055e+00,1.499068832397460938e+01,-4.497807312011718750e+01
2.300000000000000000e+02,-1.305879783630371094e+01,-2.678142547607421875e+01,-5.742785263061523438e+01
2.310000000000000000e+02,-2.198655891418457031e+01,-5.815140914916992188e+01,1.532305145263671875e+01
2.320000000000000000e+02,2.158383941650390625e+01,2.336915397644042969e+01,5.645309066772460938e+01
2.330000000000000000e+02,-2.172730064392089844e+01,-4.499562454223632812e+01,5.897203445434570312e+00
2.340000000000000000e+02,3.379030609130859375e+01,-3.624873733520507812e+01,1.389251995086669922e+01
2.350000000000000000e+02,-3.561325836181640625e+01,4.561157608032226562e+01,3.525843048095703125e+01
2.360000000000000000e+02,-2.871385765075683594e+01,5.112930679321289062e+01,7.561380863189697266e+00
2.370000000000000000e+02,5.440628814697265625e+01,4.011349868774414062e+01,-2.140368652343750000e+01
2.380000000000000000e+02,4.008173751831054688e+01,-2.553095340728759766e+00,1.268234252929687500e+01
2.390000000000000000e+02,5.876245975494384766e+00,9.620734214782714844e+00,-6.519862365722656250e+01
2.400000000000000000e+02,1.692677688598632812e+01,6.110283851623535156e+00,-6.586019134521484375e+01
2.410000000000000000e+02,6.841056823730468750e+01,1.403185462951660156e+01,-1.808230209350585938e+01
2.420000000000000000e+02,-4.659913635253906250e+01,1.739168930053710938e+01,-1.180051040649414062e+01
2.430000000000000000e+02,1.674907875061035156e+01,2.874597358703613281e+01,-6.581448364257812500e+01
2.440000000000000000e+02,4.310398864746093750e+01,1.709053993225097656e+01,-8.966497421264648438e+00
2.450000000000000000e+02,-5.846359634399414062e+01,3.125464057922363281e+01,1.700388717651367188e+01
2.460000000000000000e+02,3.906441116333007812e+01,-7.286967277526855469e+00,-6.672984313964843750e+01
2.470000000000000000e+02,3.856586837768554688e+01,2.745474433898925781e+01,-2.434298896789550781e+01
2.480000000000000000e+02,2.631319808959960938e+01,2.951486968994140625e+01,-4.327308654785156250e+01
2.490000000000000000e+02,3.235160410404205322e-01,-3.324844741821289062e+01,-5.190285873413085938e+01
2.500000000000000000e+02,1.337804317474365234e+01,4.498838424682617188e+01,-2.974686813354492188e+01
2.510000000000000000e+02,2.767491722106933594e+01,4.764155960083007812e+01,-4.768761444091796875e+01
2.520000000000000000e+02,4.787430572509765625e+01,2.326121139526367188e+01,-3.987070083618164062e+01
2.530000000000000000e+02,3.890650177001953125e+01,3.322214841842651367e+00,-5.221139526367187500e+01
2.540000000000000000e+02,-4.170558166503906250e+01,1.918468093872070312e+01,2.716111755371093750e+01
2.550000000000000000e+02,1.874657058715820312e+01,4.652886199951171875e+01,-5.311140060424804688e+01
2.560000000000000000e+02,1.935980033874511719e+01,5.548124694824218750e+01,-5.044942474365234375e+01
2.570000000000000000e+02,-1.091422462463378906e+01,-1.274133396148681641e+01,-6.956535339355468750e+01
2.580000000000000000e+02,-4.726521682739257812e+01,-1.612337684631347656e+01,1.913595771789550781e+01
2.590000000000000000e+02,2.054677772521972656e+01,2.335224723815917969e+01,-2.808715629577636719e+01
2.600000000000000000e+02,2.126229858398437500e+01,7.126094818115234375e+00,6.472091674804687500e+01
2.610000000000000000e+02,-4.503336906433105469e+00,4.312578964233398438e+01,-3.711047744750976562e+01
2.620000000000000000e+02,-1.104232311248779297e+01,-1.802436447143554688e+01,-7.684309387207031250e+01
2.630000000000000000e+02,-1.837706923484802246e+00,-1.375585842132568359e+01,-7.659759521484375000e+01
2.640000000000000000e+02,-4.706370353698730469e+00,-5.476133823394775391e+00,-8.029711151123046875e+01
2.650000000000000000e+02,-6.312407302856445312e+01,2.099579048156738281e+01,2.724007225036621094e+01
2.660000000000000000e+02,-5.564802551269531250e+01,-4.058566093444824219e+00,3.507850646972656250e+01
2.670000000000000000e+02,-5.594181442260742188e+01,4.330468177795410156e+00,4.179123687744140625e+01
2.680000000000000000e+02,-6.244788360595703125e+01,-4.065531730651855469e+00,4.356706619262695312e+01
2.690000000000000000e+02,-5.266056442260742188e+01,-4.433231353759765625e+00,4.562769317626953125e+01
2.700000000000000000e+02,-5.554892349243164062e+01,-1.499010086059570312e+01,4.153043746948242188e+01
2.710000000000000000e+02,-5.788338851928710938e+01,3.316139221191406250e+01,-4.692582702636718750e+01
2.720000000000000000e+02,-1.547946739196777344e+01,6.185402297973632812e+01,-3.922453689575195312e+01
2.730000000000000000e+02,4.464704990386962891e+00,-2.392776870727539062e+01,-3.872297286987304688e+01
2.740000000000000000e+02,3.887803268432617188e+01,-1.411293315887451172e+01,-2.037326049804687500e+01
2.750000000000000000e+02,-2.255909729003906250e+01,-2.741368484497070312e+01,-4.362187576293945312e+01
2.760000000000000000e+02,-4.131931304931640625e+01,-5.040195083618164062e+01,5.660254478454589844e+00
2.770000000000000000e+02,-8.266601562500000000e-01,-7.358323669433593750e+01,-6.526628494262695312e+00
2.780000000000000000e+02,7.925153255462646484e+00,-6.904963684082031250e+01,-1.143589591979980469e+01
2.790000000000000000e+02,-1.759659194946289062e+01,-6.194029617309570312e+01,-8.745020031929016113e-01
2.800000000000000000e+02,-3.798260211944580078e+00,-5.590839004516601562e+01,-2.703612136840820312e+01
2.810000000000000000e+02,-3.923199462890625000e+01,-4.172655105590820312e+01,-2.370560264587402344e+01
2.820000000000000000e+02,-5.752447891235351562e+01,3.167164611816406250e+01,2.693460083007812500e+01
2.830000000000000000e+02,-3.289390945434570312e+01,1.776279258728027344e+01,4.348661804199218750e+01
2.840000000000000000e+02,5.115019226074218750e+01,-1.238612842559814453e+01,-2.013416099548339844e+01
2.850000000000000000e+02,2.033207321166992188e+01,6.897893524169921875e+01,8.880516052246093750e+00
2.860000000000000000e+02,1.261709403991699219e+01,3.585231018066406250e+01,-4.765962600708007812e+01
2.870000000000000000e+02,-8.763298034667968750e+00,2.100663185119628906e+01,3.596484375000000000e+01
2.880000000000000000e+02,1.532272243499755859e+01,-8.832473754882812500e+00,1.219951534271240234e+01
2.890000000000000000e+02,4.351868438720703125e+01,6.994775772094726562e+00,-9.182637929916381836e-01
2.900000000000000000e+02,1.693554878234863281e+01,-2.883518981933593750e+01,-5.991090393066406250e+01
2.910000000000000000e+02,-1.942786598205566406e+01,6.935136413574218750e+01,3.280996704101562500e+01
2.920000000000000000e+02,1.901027870178222656e+01,-3.603729009628295898e+00,-7.118577575683593750e+01
2.930000000000000000e+02,-7.552274227142333984e+00,2.584470558166503906e+01,-6.142061996459960938e+01
2.940000000000000000e+02,-5.142348766326904297e+00,2.778346252441406250e+01,-6.893659210205078125e+01
2.950000000000000000e+02,2.783069229125976562e+01,-2.608650016784667969e+01,-1.946118354797363281e+00
2.960000000000000000e+02,3.174942398071289062e+01,2.974634742736816406e+01,-5.738735961914062500e+01
2.970000000000000000e+02,4.551394653320312500e+01,-1.523652744293212891e+01,-4.067900848388671875e+01
2.980000000000000000e+02,2.016846084594726562e+01,-9.022427558898925781e+00,5.956879806518554688e+01
2.990000000000000000e+02,-3.056584739685058594e+01,-3.613585662841796875e+01,-6.722135066986083984e+00
3.000000000000000000e+02,2.385246276855468750e+01,2.729216814041137695e+00,7.192885589599609375e+01
3.010000000000000000e+02,-4.454094696044921875e+01,-2.754886627197265625e+01,-2.104279327392578125e+01
3.020000000000000000e+02,1.120194673538208008e+00,-7.125504302978515625e+01,1.982705688476562500e+01
3.030000000000000000e+02,3.432436370849609375e+01,-4.236591720581054688e+01,-2.927842378616333008e+00
3.040000000000000000e+02,1.998518371582031250e+01,-5.114937210083007812e+01,-5.556103229522705078e+00
3.050000000000000000e+02,5.280477905273437500e+01,-1.269824028015136719e+01,3.602600097656250000e+01
3.060000000000000000e+02,6.145769882202148438e+01,-1.879081344604492188e+01,3.098641014099121094e+01
3.070000000000000000e+02,4.274544906616210938e+01,-5.354008483886718750e+01,-1.013566017150878906e+01
3.080000000000000000e+02,2.248585510253906250e+01,-2.942935752868652344e+01,3.168658256530761719e+01
3.090000000000000000e+02,2.992282676696777344e+01,-4.977775955200195312e+01,6.585196971893310547e+00
3.100000000000000000e+02,4.674078369140625000e+01,-2.595956993103027344e+01,5.443246841430664062e+01
3.110000000000000000e+02,6.328861236572265625e+01,-3.138078212738037109e+00,-2.841232872009277344e+01
3.120000000000000000e+02,5.427076339721679688e+01,5.515757560729980469e+00,-2.099230575561523438e+01
3.130000000000000000e+02,3.765053939819335938e+01,-2.801117134094238281e+01,-2.345916175842285156e+01
3.140000000000000000e+02,-3.338928222656250000e+01,-2.757411003112792969e+01,2.079207038879394531e+01
3.150000000000000000e+02,4.054943084716796875e+01,1.138853073120117188e+00,-3.117910957336425781e+01
3.160000000000000000e+02,6.324762725830078125e+01,-5.408621597290039062e+01,-5.694585323333740234e+00
3.170000000000000000e+02,4.537515640258789062e+01,-4.403017425537109375e+01,3.891299009323120117e+00
3.180000000000000000e+02,4.969512557983398438e+01,-3.917665481567382812e+01,-2.157170867919921875e+01
3.190000000000000000e+02,5.983057403564453125e+01,2.689299345016479492e+00,-3.677463150024414062e+01
3.200000000000000000e+02,2.569776153564453125e+01,5.751891613006591797e+00,1.417705440521240234e+01
3.210000000000000000e+02,5.795656204223632812e+01,-2.685286331176757812e+01,-2.111000061035156250e+01
3.220000000000000000e+02,-4.462098598480224609e+00,-3.032602119445800781e+01,6.486121368408203125e+01
3.230000000000000000e+02,-3.962010192871093750e+01,5.001337814331054688e+01,2.642646598815917969e+01
3.240000000000000000e+02,-4.266596984863281250e+01,5.200347900390625000e+01,3.483369445800781250e+01
3.250000000000000000e+02,5.655821323394775391e+00,6.521504974365234375e+01,-3.227916717529296875e+00
3.260000000000000000e+02,-3.214154243469238281e+00,5.224818801879882812e+01,-3.037897348403930664e-01
3.270000000000000000e+02,5.527713775634765625e+00,-5.483201980590820312e+01,9.039080619812011719e+00
3.280000000000000000e+02,1.411410331726074219e+01,2.102664566040039062e+01,-4.853276062011718750e+01
3.290000000000000000e+02,-1.446138763427734375e+01,-4.328046798706054688e+01,-3.869787216186523438e+01
3.300000000000000000e+02,-9.336377143859863281e+00,-3.332477951049804688e+01,4.040858268737792969e+00
3.310000000000000000e+02,7.453475189208984375e+01,-1.764095687866210938e+01,-2.976859092712402344e+00
3.320000000000000000e+02,-1.807471656799316406e+01,2.575420379638671875e+01,3.551591873168945312e+01
3.330000000000000000e+02,3.232853698730468750e+01,-4.325790023803710938e+01,-1.728035736083984375e+01
3.340000000000000000e+02,3.214156341552734375e+01,-4.225906848907470703e+00,6.912368774414062500e+01
3.350000000000000000e+02,2.826186180114746094e+01,3.563826370239257812e+01,5.169915008544921875e+01
3.360000000000000000e+02,3.088194274902343750e+01,1.264084148406982422e+01,6.126103973388671875e+01
3.370000000000000000e+02,-1.515817880630493164e+00,-9.678274393081665039e-01,6.157981872558593750e+01
3.380000000000000000e+02,-2.361436843872070312e+00,4.133781433105468750e+00,4.056108474731445312e+01
3.390000000000000000e+02,2.157114219665527344e+01,3.383821868896484375e+01,6.896914672851562500e+01
3.400000000000000000e+02,5.531963729858398438e+01,-7.518213748931884766e+00,2.104075431823730469e+01
3.410000000000000000e+02,6.836339569091796875e+01,-2.580880546569824219e+01,3.342432785034179688e+01
3.420000000000000000e+02,3.880088806152343750e+01,-2.536341094970703125e+01,5.649127578735351562e+01
3.430000000000000000e+02,2.247234153747558594e+01,-3.121042442321777344e+01,-9.940122604370117188e+00
3.440000000000000000e+02,6.509868621826171875e+01,3.064279937744140625e+01,1.036983013153076172e+01
3.450000000000000000e+02,-7.359191131591796875e+01,1.604414176940917969e+01,-1.059151744842529297e+01
3.460000000000000000e+02,-6.614618682861328125e+01,2.331226348876953125e+01,-8.993176460266113281e+00
3.470000000000000000e+02,-7.589362335205078125e+01,2.607441711425781250e+01,-1.297676753997802734e+01
3.480000000000000000e+02,-6.952946472167968750e+01,2.200455665588378906e+01,-2.051845741271972656e+01
3.490000000000000000e+02,-6.775234222412109375e+01,3.153944778442382812e+01,-1.717971229553222656e+01
3.500000000000000000e+02,-5.599160766601562500e+01,-3.675065231323242188e+01,1.920288276672363281e+01
3.510000000000000000e+02,-6.551586914062500000e+01,-3.580900192260742188e+01,2.354042625427246094e+01
3.520000000000000000e+02,-6.218322753906250000e+01,-2.796027946472167969e+01,2.022010231018066406e+01
3.530000000000000000e+02,-6.937710571289062500e+01,-3.006692123413085938e+01,1.437521743774414062e+01
3.540000000000000000e+02,-1.495522499084472656e+01,5.190738677978515625e+01,5.088533401489257812e+01
3.550000000000000000e+02,-7.270283222198486328e+00,5.382903289794921875e+01,4.810040283203125000e+01
3.560000000000000000e+02,1.875511550903320312e+01,3.685005187988281250e+01,4.144618988037109375e+01
3.570000000000000000e+02,7.015317440032958984e+00,5.298887252807617188e+01,3.592678070068359375e+01
3.580000000000000000e+02,2.725204277038574219e+01,2.550363349914550781e+01,4.059777450561523438e+01
3.590000000000000000e+02,-1.015735244750976562e+01,3.240061950683593750e+01,5.031395339965820312e+01
3.600000000000000000e+02,9.090421676635742188e+00,2.396213722229003906e+01,7.455931854248046875e+01
3.610000000000000000e+02,2.908018827438354492e+00,2.300705337524414062e+01,4.630498123168945312e+01
3.620000000000000000e+02,-3.976882457733154297e+00,2.251062011718750000e+01,6.593076324462890625e+01
3.630000000000000000e+02,3.608397293090820312e+01,3.152049446105957031e+01,4.235308837890625000e+01
3.640000000000000000e+02,-3.484142684936523438e+01,-1.649346351623535156e+01,6.097913360595703125e+01
3.650000000000000000e+02,3.006761550903320312e+01,5.307281494140625000e+00,4.472324371337890625e+01
3.660000000000000000e+02,4.297308731079101562e+01,1.037767219543457031e+01,4.952050781250000000e+01
3.670000000000000000e+02,2.331016921997070312e+01,-3.842765426635742188e+01,4.900230026245117188e+01
3.680000000000000000e+02,2.234903144836425781e+01,-4.606879043579101562e+01,5.249480819702148438e+01
3.690000000000000000e+02,7.794768333435058594e+00,3.762510299682617188e+01,4.699185180664062500e+01
3.700000000000000000e+02,4.853166198730468750e+01,-3.349425125122070312e+01,3.449775695800781250e+01
3.710000000000000000e+02,5.771805572509765625e+01,-1.547548580169677734e+01,1.844702339172363281e+01
3.720000000000000000e+02,4.471820449829101562e+01,-5.411980438232421875e+01,1.857616043090820312e+01
3.730000000000000000e+02,-3.116977691650390625e+01,-1.253178501129150391e+01,5.426956176757812500e+01
3.740000000000000000e+02,-5.302192568778991699e-01,-4.150554656982421875e+01,4.545980072021484375e+01
3.750000000000000000e+02,-1.488821220397949219e+01,6.657083129882812500e+01,1.128032588958740234e+01
3.760000000000000000e+02,4.415631103515625000e+01,-6.293001937866210938e+01,1.540510654449462891e+01
3.770000000000000000e+02,-1.284052276611328125e+01,-1.656452751159667969e+01,6.816009521484375000e+01
3.780000000000000000e+02,-2.211064338684082031e+01,5.074917793273925781e+00,3.717993545532226562e+01
3.790000000000000000e+02,6.378255081176757812e+01,2.259870529174804688e+01,1.005666351318359375e+01
3.800000000000000000e+02,4.010463714599609375e+01,-2.601811981201171875e+01,-6.459088802337646484e+00
3.810000000000000000e+02,3.002132606506347656e+01,-5.491257476806640625e+01,3.307278823852539062e+01
3.820000000000000000e+02,-1.370064926147460938e+01,-4.872863006591796875e+01,4.987240600585937500e+01
3.830000000000000000e+02,-1.381611537933349609e+01,-4.163908004760742188e+01,4.426967239379882812e+01
3.840000000000000000e+02,1.406473350524902344e+01,-1.218785953521728516e+01,6.774958038330078125e+01
3.850000000000000000e+02,3.454439926147460938e+01,2.569762229919433594e+01,5.404532623291015625e+01
3.860000000000000000e+02,8.655121803283691406e+00,3.554443740844726562e+01,2.912425041198730469e+01
3.870000000000000000e+02,1.182413387298583984e+01,5.869274616241455078e+00,7.368823242187500000e+01
3.880000000000000000e+02,1.350458145141601562e+01,4.953157424926757812e+01,5.828532791137695312e+01
3.890000000000000000e+02,2.619316673278808594e+01,2.808603477478027344e+01,7.758364868164062500e+01
3.900000000000000000e+02,2.938819885253906250e+01,3.617854690551757812e+01,7.438921356201171875e+01
3.910000000000000000e+02,4.969125747680664062e+01,3.847135543823242188e+01,3.463551330566406250e+01
3.920000000000000000e+02,4.954865646362304688e+01,1.951987075805664062e+01,5.813501739501953125e+01
3.930000000000000000e+02,5.028061294555664062e+01,1.299548339843750000e+01,3.352964019775390625e+01
3.940000000000000000e+02,5.360314178466796875e+01,2.389995002746582031e+01,3.328489303588867188e+01
3.950000000000000000e+02,4.331835937500000000e+01,2.099181175231933594e+01,4.476753997802734375e+01
3.960000000000000000e+02,5.698884963989257812e+01,1.359262752532958984e+01,4.793146514892578125e+01
3.970000000000000000e+02,6.293181228637695312e+01,2.491438102722167969e+01,3.806578445434570312e+01
3.980000000000000000e+02,6.209325408935546875e+01,1.805701065063476562e+01,3.229499053955078125e+01
3.990000000000000000e+02,4.232238769531250000e+01,3.528169250488281250e+01,5.582792282104492188e+01
4.000000000000000000e+02,7.428772735595703125e+01,-6.318876743316650391e+00,2.430611038208007812e+01
4.010000000000000000e+02,7.525978088378906250e+01,1.476434469223022461e-01,1.725547981262207031e+01
4.020000000000000000e+02,4.545424652099609375e+01,-2.613936614990234375e+01,7.093218326568603516e+00
4.030000000000000000e+02,-7.917912960052490234e+00,6.888756561279296875e+01,1.511926174163818359e+01
4.040000000000000000e+02,5.832452392578125000e+01,-4.779865264892578125e+01,-8.454522132873535156e+00
4.050000000000000000e+02,5.743349075317382812e+00,3.997439193725585938e+01,6.643667602539062500e+01
4.060000000000000000e+02,3.763628005981445312e+01,1.963090133666992188e+01,3.363040161132812500e+01
4.070000000000000000e+02,4.930649185180664062e+01,2.784856986999511719e+01,4.876865386962890625e+01
4.080000000000000000e+02,3.456143188476562500e+01,4.575070571899414062e+01,4.598682022094726562e+01
4.090000000000000000e+02,-4.724464797973632812e+01,1.461986899375915527e+00,1.222998523712158203e+01
4.100000000000000000e+02,-5.205679702758789062e+01,1.142056369781494141e+01,7.968047142028808594e+00
4.110000000000000000e+02,-5.758934783935546875e+01,1.730606794357299805e+00,7.170318603515625000e+00
4.120000000000000000e+02,-2.237820053100585938e+01,2.506675910949707031e+01,-4.323438262939453125e+01
4.130000000000000000e+02,-7.120149993896484375e+01,-1.098769664764404297e+01,-1.231357383728027344e+01
4.140000000000000000e+02,-2.737314033508300781e+01,1.201517200469970703e+01,-5.276144790649414062e+01
4.150000000000000000e+02,-3.131311225891113281e+01,-2.971930742263793945e+00,-6.938239288330078125e+01
4.160000000000000000e+02,-2.650379753112792969e+01,3.494037389755249023e+00,-6.886632537841796875e+01
4.170000000000000000e+02,-3.759538269042968750e+01,2.684166908264160156e+01,-4.307415390014648438e+01
4.180000000000000000e+02,-2.870885276794433594e+01,3.868292999267578125e+01,-5.757250213623046875e+01
4.190000000000000000e+02,-3.561038970947265625e+01,3.428967285156250000e+01,-6.166844177246093750e+01
4.200000000000000000e+02,-2.909886169433593750e+01,2.963707542419433594e+01,-6.547214508056640625e+01
4.210000000000000000e+02,-5.639958190917968750e+01,8.260514259338378906e+00,-3.696689224243164062e+01
4.220000000000000000e+02,-4.998468017578125000e+01,-2.837274360656738281e+01,-1.621348738670349121e+00
4.230000000000000000e+02,-5.365019607543945312e+01,-3.496598815917968750e+01,-4.375648021697998047e+00
4.240000000000000000e+02,-5.608609771728515625e+01,6.922920703887939453e+00,-6.427806091308593750e+01
4.250000000000000000e+02,-4.903059768676757812e+01,8.908763885498046875e+00,-6.757759094238281250e+01
4.260000000000000000e+02,6.791481781005859375e+01,2.315466117858886719e+01,-2.288113212585449219e+01
4.270000000000000000e+02,2.259786415100097656e+01,-6.799481964111328125e+01,6.014718532562255859e+00
4.280000000000000000e+02,-6.196228265762329102e-01,-4.972399139404296875e+01,-4.345093250274658203e+00
4.290000000000000000e+02,3.969692230224609375e+01,4.416764068603515625e+01,1.698570728302001953e+00
4.300000000000000000e+02,-6.893063354492187500e+01,-1.611769485473632812e+01,-3.528777694702148438e+01
4.310000000000000000e+02,-6.056544876098632812e+01,-2.671042633056640625e+01,-3.059490585327148438e+01
4.320000000000000000e+02,-7.174487304687500000e+01,-1.970960807800292969e+01,-7.145557880401611328e+00
4.330000000000000000e+02,-6.410437011718750000e+01,-1.387558460235595703e+01,-7.208831787109375000e+00
4.340000000000000000e+02,-7.312283325195312500e+01,-5.617624759674072266e+00,7.229445576667785645e-01
4.350000000000000000e+02,-7.778141784667968750e+01,6.633330821990966797e+00,1.454051876068115234e+01
4.360000000000000000e+02,-8.004663085937500000e+01,-5.163006857037544250e-02,1.036728572845458984e+01
4.370000000000000000e+02,-4.443260955810546875e+01,-1.806397628784179688e+01,-3.575696563720703125e+01
4.380000000000000000e+02,-4.425606918334960938e+01,-3.680688858032226562e+01,-4.566907501220703125e+01
4.390000000000000000e+02,-4.691876602172851562e+01,-3.084102058410644531e+01,-5.036829757690429688e+01
4.400000000000000000e+02,-7.074223327636718750e+01,-2.019942092895507812e+01,-2.591025352478027344e+01
